batch,sex,filename,inside_sample_area,whole_sample_area,inside_bone_area,whole_bone_area,inside_total_weight,whole_total_weight,inside_soft_weight,whole_soft_weight,inside_lean_weight,whole_lean_weight,inside_fat_weight,whole_fat_weight,inside_fat_percent,whole_fat_percent,inside_BMC,whole_BMC,inside_BMD,whole_BMD
Batch 1,,B1_M_2 Week 1 Redo.txt,23.071,33.309,10.238,12.859,23.7617,34.4093,22.9142,33.2978,13.8447,19.5697,9.0695,13.7281,39.580,41.228,0.84753,1.11155,82.785,86.440
Batch 5,Female,B8F0.txt,26.212,31.693,8.826,13.302,23.3461,29.4178,22.7211,27.5639,16.4107,18.4000,6.3104,9.1640,27.774,33.246,0.62497,1.85383,70.809,139.369
Batch 5,Female,B8F1.txt,29.719,35.691,10.065,15.050,32.5595,39.3758,31.7556,37.2721,19.7378,21.4890,12.0178,15.7831,37.845,42.346,0.80398,2.10368,79.875,139.776
Batch 5,Female,B8F2.txt,24.416,30.130,8.526,13.291,21.6130,27.4373,20.9897,25.5750,15.1849,17.5402,5.8048,8.0349,27.656,31.417,0.62328,1.86222,73.100,140.114
Batch 5,Female,B8F3.txt,30.175,35.953,9.615,14.261,31.8302,37.9845,31.2058,36.1423,17.1271,18.9167,14.0787,17.2256,45.116,47.660,0.62439,1.84216,64.938,129.178
Batch 5,Male,B8M0.txt,28.849,35.072,8.964,14.015,30.8714,37.5405,30.1787,35.5991,22.4812,24.4668,7.6974,11.1323,25.506,31.271,0.69275,1.94137,77.283,138.525
Batch 5,Male,B8M1.txt,29.871,36.305,8.379,13.290,33.4092,39.8175,32.8288,38.0991,25.6117,29.3019,7.2171,8.7971,21.984,23.090,0.58039,1.71842,69.264,129.299
Batch 5,Male,B8M2.txt,32.188,39.193,8.824,14.005,32.6131,38.8788,32.0303,37.1269,21.1179,23.4970,10.9124,13.6299,34.069,36.712,0.58284,1.75183,66.052,125.089
Batch 5,Male,B8M3.txt,25.653,31.798,7.514,12.201,24.1735,30.4664,23.6753,28.8190,17.2242,19.9191,6.4510,8.9000,27.248,30.882,0.49829,1.64735,66.318,135.018
Batch 5,Male,B8M4.txt,27.965,34.311,8.376,13.152,27.6899,34.0603,27.0907,32.3064,21.3545,24.2150,5.7362,8.0914,21.174,25.046,0.59922,1.75393,71.535,133.357
Batch 5,Male,B8M5.txt,28.313,34.718,7.597,12.627,27.8845,34.0323,27.3821,32.3823,20.8380,23.5553,6.5441,8.8270,23.899,27.259,0.50243,1.65001,66.137,130.676
Batch 4,Female,B4_F_0.txt,26.689,31.854,8.625,12.937,25.6237,30.9142,25.0528,29.2768,15.7172,18.1640,9.3355,11.1129,37.264,37.958,0.57099,1.63737,66.202,126.566
Batch 4,Female,B4_F_1.txt,30.041,35.807,8.964,13.509,31.2565,37.3804,30.6526,35.6909,19.0753,21.8366,11.5774,13.8543,37.770,38.817,0.60388,1.68950,67.365,125.064
Batch 4,Female,B4_F_2.txt,23.566,29.106,8.217,12.898,21.9399,27.2940,21.3218,25.5726,15.0631,17.5246,6.2587,8.0480,29.354,31.471,0.61811,1.72140,75.225,133.458
Batch 4,Female,B4_F_3.txt,25.686,31.490,8.048,12.676,22.7915,28.3866,22.2577,26.7493,15.6172,18.1112,6.6405,8.6381,29.835,32.293,0.53377,1.63732,66.326,129.166
Batch 4,Female,B4_F_4.txt,26.311,31.931,8.724,13.367,25.0039,30.7749,24.3917,29.0674,17.0262,19.7705,7.3655,9.2969,30.197,31.984,0.61221,1.70749,70.172,127.743
Batch 4,Male,B4_M_0.txt,25.666,31.652,9.228,14.000,25.7549,31.9164,25.0341,30.0709,19.6803,22.1392,5.3537,7.9317,21.386,26.377,0.72084,1.84547,78.111,131.823
Batch 4,Male,B4_M_1.txt,26.895,33.375,8.404,13.271,26.0216,31.8314,25.4148,30.1552,20.9087,23.9002,4.5061,6.2550,17.730,20.743,0.60680,1.67613,72.207,126.304
Batch 4,Male,B4_M_2.txt,26.898,33.232,7.696,12.157,27.2206,33.5258,26.7056,31.9962,20.6491,24.0828,6.0565,7.9134,22.679,24.732,0.51503,1.52963,66.922,125.823
Batch 4,Male,B4_M_4.txt,27.015,33.390,7.995,12.879,26.2959,32.4633,25.7533,30.8576,21.0276,24.1407,4.7257,6.7169,18.350,21.767,0.54263,1.60569,67.870,124.672
Batch 3,Female,B3_F_0.txt,27.755,30.286,9.086,10.623,24.9872,27.6699,24.2817,26.7151,16.3709,17.4370,7.9109,9.2781,32.580,34.730,0.70549,0.95488,77.643,89.885
Batch 3,Female,B3_F_1.txt,26.866,29.512,7.865,9.198,22.7166,25.6707,22.1458,24.8852,16.7825,18.6958,5.3632,6.1894,24.218,24.872,0.57085,0.78550,72.578,85.399
Batch 3,Female,B3_F_2.txt,28.506,30.991,8.639,9.976,26.1030,28.8104,25.5267,28.0422,16.9225,18.2914,8.6041,9.7507,33.707,34.772,0.57629,0.76824,66.706,77.011
Batch 3,Female,B3_F_3.txt,27.392,30.152,8.565,10.157,24.4548,27.5562,23.8291,26.6802,17.1305,18.6460,6.6987,8.0342,28.111,30.113,0.62571,0.87597,73.057,86.247
Batch 3,Female,B3_F_4.txt,28.897,31.754,8.596,10.200,26.6620,29.9340,26.0474,29.0706,19.7920,21.6999,6.2555,7.3708,24.016,25.355,0.61454,0.86340,71.490,84.648
Batch 3,Male,B3_M_0.txt,32.888,36.069,10.285,11.814,32.2950,35.4958,31.5455,34.5110,19.7859,21.1516,11.7596,13.3594,37.278,38.711,0.74945,0.98484,72.865,83.364
Batch 3,Male,B3_M_1.txt,32.864,36.483,9.110,10.549,31.1102,34.6191,30.4152,33.7073,21.9717,24.0272,8.4435,9.6801,27.761,28.718,0.69495,0.91179,76.283,86.432
Batch 3,Male,B3_M_2.txt,29.860,32.674,8.711,10.234,29.2176,32.4387,28.6312,31.6475,19.7775,21.5238,8.8537,10.1237,30.923,31.989,0.58646,0.79117,67.324,77.310
Batch 3,Male,B3_M_3.txt,26.503,29.608,7.973,9.622,23.8102,27.3267,23.2774,26.5782,17.9951,20.3380,5.2823,6.2402,22.693,23.479,0.53283,0.74843,66.828,77.786
Batch 3,Male,B3_M_4 Attempt 2.txt,30.048,33.434,8.348,10.142,29.6689,33.4780,29.0678,32.6254,23.2667,25.7055,5.8012,6.9200,19.957,21.210,0.60109,0.85256,72.002,84.064
Batch 3,Male,B3_M_4.txt,29.828,33.083,9.060,11.034,30.9993,34.7995,30.2718,33.7745,20.5427,22.3976,9.7291,11.3769,32.139,33.685,0.72753,1.02495,80.301,92.888
Batch 2,Female,B2_F_0.txt,27.050,27.786,8.711,8.953,24.6231,25.4822,24.0002,24.8358,15.6430,16.0854,8.3573,8.7504,34.822,35.233,0.62290,0.64646,71.504,72.207
Batch 2,Female,B2_F_1.txt,31.724,33.039,9.095,9.468,30.4185,31.7259,29.7811,31.0492,19.8027,20.4816,9.9784,10.5676,33.506,34.035,0.63743,0.67679,70.082,71.484
Batch 2,Female,B2_F_2.txt,30.036,31.103,9.140,9.435,27.5639,28.5957,26.9643,27.9741,16.2166,16.7334,10.7477,11.2407,39.859,40.182,0.59962,0.62168,65.601,65.893
Batch 2,Female,B2_F_3.txt,23.334,26.209,7.471,9.231,26.2235,29.9516,25.7035,29.1563,17.1651,19.2559,8.5384,9.9004,33.219,33.956,0.51999,0.79529,69.604,86.152
Batch 2,Female,B2_F_4.txt,29.380,31.558,9.724,9.923,28.4249,30.7161,27.7230,29.9943,14.4506,15.3962,13.2724,14.5981,47.875,48.670,0.70184,0.72181,72.174,72.744
Batch 2,Male,B2_M_0.txt,29.459,29.723,9.247,9.359,29.5626,29.8956,28.8609,29.1819,21.8735,22.0509,6.9874,7.1310,24.211,24.436,0.70169,0.71372,75.885,76.265
Batch 2,Male,B2_M_1.txt,29.852,31.104,9.304,9.524,31.5554,33.0026,30.8334,32.2643,22.5576,23.5050,8.2757,8.7593,26.840,27.149,0.72204,0.73828,77.609,77.515
Batch 2,Male,B2_M_2.txt,30.322,30.519,8.197,8.243,29.7967,30.0148,29.2127,29.4274,20.3997,20.5540,8.8130,8.8734,30.168,30.154,0.58404,0.58735,71.252,71.255
Batch 2,Male,B2_M_3.txt,31.197,31.197,8.858,8.858,32.2576,32.2576,31.6361,31.6361,22.4443,22.4443,9.1918,9.1918,29.055,29.055,0.62152,0.62152,70.163,70.163
Batch 2,Male,B2_M_4.txt,27.668,28.581,8.831,9.086,28.0062,29.0568,27.3592,28.3878,20.2348,20.9440,7.1244,7.4438,26.040,26.222,0.64703,0.66897,73.272,73.625
Batch 1,Female,B1_F_2 Week 4.txt,29.027,29.871,9.714,9.868,28.6503,29.2977,27.8563,28.4840,16.2718,16.5102,11.5845,11.9738,41.587,42.037,0.79401,0.81368,81.736,82.461
Batch 1,Male,B1_M_2 Week 4.txt,28.437,29.844,8.424,8.798,28.3642,29.9219,27.7527,29.2772,21.5638,22.6645,6.1889,6.6126,22.300,22.586,0.61149,0.64476,72.588,73.287
Batch 1,Female,B1_F_0 Week 2.txt,27.406,28.361,8.526,8.742,24.1541,24.8962,23.5866,24.3050,15.0724,15.3373,8.5142,8.9677,36.098,36.897,0.56753,0.59124,66.562,67.629
Batch 1,Female,B1_F_1 Week 2.txt,27.181,27.436,8.278,8.407,25.9537,26.2504,25.3661,25.6472,18.2934,18.4088,7.0727,7.2384,27.883,28.223,0.58754,0.60324,70.977,71.759
Batch 1,Female,B1_F_2 Week 2.txt,30.217,31.141,9.653,10.007,30.8019,31.9114,30.0504,31.1221,16.9833,17.5007,13.0671,13.6215,43.484,43.768,0.75153,0.78922,77.858,78.865
Batch 1,Female,B1_F_3 Week 2.txt,30.129,32.775,9.213,10.212,28.3000,30.7730,27.6354,29.9947,17.6318,18.8508,10.0036,11.1439,36.198,37.153,0.66466,0.77825,72.147,76.210
Batch 1,Female,B1_F_4 Week 2.txt,27.981,28.860,9.653,9.903,27.7403,28.5915,26.9733,27.7887,17.1762,17.4867,9.7971,10.3020,36.321,37.073,0.76708,0.80278,79.464,81.062
Batch 1,Male,B1_M_0 Week 2.txt,29.020,30.124,8.321,8.574,29.0777,30.2365,28.5024,29.6383,20.9750,21.6872,7.5274,7.9511,26.410,26.827,0.57529,0.59819,69.136,69.766
Batch 1,Male,B1_M_1 Week 2.txt,28.123,29.438,8.464,8.777,30.0309,31.3001,29.3875,30.6290,21.1144,21.8478,8.2732,8.7813,28.152,28.670,0.64339,0.67104,76.011,76.454
Batch 1,Male,B1_M_2 Week 2.txt,29.353,30.928,8.309,8.754,30.9384,32.7764,30.3651,32.1602,23.1971,24.5049,7.1679,7.6553,23.606,23.804,0.57339,0.61620,69.007,70.391
Batch 1,Male,B1_M_3 Week 2.txt,29.982,31.599,8.728,9.346,30.9040,32.8658,30.3008,32.2027,23.4517,24.6043,6.8491,7.5984,22.604,23.596,0.60319,0.66314,69.108,70.956
Batch 1,Male,B1_M_4 Week 2.txt,30.543,31.832,9.403,9.855,33.1336,34.6607,32.4021,33.8781,24.1235,25.0565,8.2786,8.8216,25.550,26.039,0.73145,0.78261,77.793,79.410
Batch 1,Female,B1_F_2 Week 1.txt,30.350,33.502,8.898,10.722,29.6166,33.2939,28.9923,32.3683,18.0453,19.1080,10.9470,13.2603,37.758,40.967,0.62434,0.92561,70.166,86.328
Batch 1,Male,B1_M_2 Week 1.txt,30.004,33.309,11.204,12.859,30.8291,34.4093,29.9413,33.2978,18.5504,19.5697,11.3909,13.7281,38.044,41.228,0.88776,1.11155,79.235,86.440
Batch 1,Female,B1_F_2 Week -1.txt,32.112,35.628,9.656,11.725,28.3233,32.2745,27.6788,31.3426,17.0049,18.9033,10.6740,12.4392,38.564,39.688,0.64444,0.93193,66.738,79.482
Batch 1,Male,B1_M_2 Week -1.txt,30.286,33.848,8.886,10.450,30.6438,34.6375,30.0205,33.8267,23.5557,25.9896,6.4648,7.8371,21.535,23.168,0.62326,0.81076,70.141,77.582
